User Id,First Name,Last Name,Version,Insurance Company
e330fcba-a1d0-40f8-ac6a-75496c7bcaad,Julie,Ramirez,2,JKL Care
e330fcba-a1d0-40f8-ac6a-75496c7bcaad,Julie,Ramirez,1,JKL Care
c2bd6b49-9094-4f4c-813f-c0a1b4ece2af,Melvin,Andrews,2,XYZ Insurance
c2bd6b49-9094-4f4c-813f-c0a1b4ece2af,Melvin,Andrews,1,XYZ Insurance
5b6c17a0-05c3-4150-87e0-a4d46e2d3a64,Derek,Reid,2,ABC Health
5b6c17a0-05c3-4150-87e0-a4d46e2d3a64,Derek,Reid,1,ABC Health
8f13a4f5-4dae-405e-89fb-64b166b5f02b,Erica,Dixon,1,XYZ Insurance
8f13a4f5-4dae-405e-89fb-64b166b5f02b,Erica,Dixon,2,XYZ Insurance
812b8b74-8ea5-4951-94de-eee5b2a107bd,Julia,Lopez,1,GHI Life
812b8b74-8ea5-4951-94de-eee5b2a107bd,Julia,Lopez,2,GHI Life
65d8df89-1e1e-4efd-aef7-51c78d9357e1,William,Mckinney,3,DEF Insurance
65d8df89-1e1e-4efd-aef7-51c78d9357e1,William,Mckinney,4,DEF Insurance
e5c99495-cf4f-4678-bc7d-a1346268ff16,Thomas,Bautista,2,XYZ Insurance
e5c99495-cf4f-4678-bc7d-a1346268ff16,Thomas,Bautista,4,XYZ Insurance
4deb6c1a-c9ae-4b3e-9830-fb1a259ef040,Mark,Lopez,1,XYZ Insurance
4deb6c1a-c9ae-4b3e-9830-fb1a259ef040,Mark,Lopez,2,XYZ Insurance
52b331b1-641c-40d1-aa7c-23333c24c097,Vicki,King,5,JKL Care
52b331b1-641c-40d1-aa7c-23333c24c097,Vicki,King,3,JKL Care
a66b69a2-a181-4cfd-8c64-76f12a12a8f7,Corey,Lewis,5,DEF Insurance
a66b69a2-a181-4cfd-8c64-76f12a12a8f7,Corey,Lewis,2,DEF Insurance
0a0f9c33-60ea-40e3-94cb-3f377064c84b,Ricky,Hall,5,JKL Care
0a0f9c33-60ea-40e3-94cb-3f377064c84b,Ricky,Hall,1,JKL Care
c647db42-0cb1-4eb0-b15f-3afcf4da8105,Jeremy,Miller,1,GHI Life
c647db42-0cb1-4eb0-b15f-3afcf4da8105,Jeremy,Miller,5,GHI Life
974781e4-c040-4bcc-b2ea-6c8dc360e9af,Carrie,Butler,1,XYZ Insurance
974781e4-c040-4bcc-b2ea-6c8dc360e9af,Carrie,Butler,5,XYZ Insurance
e94cceb0-e761-4581-9f48-4e6983412742,Kelly,Curry,3,DEF Insurance
e94cceb0-e761-4581-9f48-4e6983412742,Kelly,Curry,3,DEF Insurance
e9d1cf33-128c-48c3-9bc0-bbd450d92a87,Monique,Ortiz,4,GHI Life
e9d1cf33-128c-48c3-9bc0-bbd450d92a87,Monique,Ortiz,1,GHI Life
e4736cb8-11fc-4e7a-98c8-0b436d07820b,David,Lambert,4,GHI Life
e4736cb8-11fc-4e7a-98c8-0b436d07820b,David,Lambert,1,GHI Life
fc9dd14e-6a20-4bdb-87ef-7c34f5238785,Katrina,Orr,4,ABC Health
fc9dd14e-6a20-4bdb-87ef-7c34f5238785,Katrina,Orr,3,ABC Health
96f1c5fb-1840-4fdc-81bf-dbea950b70ae,Danielle,Boone,6,JKL Care
96f1c5fb-1840-4fdc-81bf-dbea950b70ae,Danielle,Boone,2,JKL Care
64478333-5ae4-4653-bd74-4773edb21efc,Alice,Browning,4,ABC Health
64478333-5ae4-4653-bd74-4773edb21efc,Alice,Browning,1,ABC Health
4834937b-a276-4f59-842f-9409248449e6,Nicole,Curtis,5,DEF Insurance
4834937b-a276-4f59-842f-9409248449e6,Nicole,Curtis,3,DEF Insurance
46f2bbe0-fcce-4f71-8a3a-9062295b1404,Rebecca,Hall,4,DEF Insurance
46f2bbe0-fcce-4f71-8a3a-9062295b1404,Rebecca,Hall,2,DEF Insurance
d1e50271-45ad-4b64-8c47-411d563edd92,Karen,Gomez,3,DEF Insurance
d1e50271-45ad-4b64-8c47-411d563edd92,Karen,Gomez,2,DEF Insurance
50e7cc17-e795-4b0b-bc93-68a8547f8ee4,Phillip,Patrick,3,GHI Life
50e7cc17-e795-4b0b-bc93-68a8547f8ee4,Phillip,Patrick,1,GHI Life
43b29f8f-dd68-44e0-9562-ecc7a9a83994,Sean,Blankenship,3,JKL Care
43b29f8f-dd68-44e0-9562-ecc7a9a83994,Sean,Blankenship,1,JKL Care
d900332a-8fc1-4493-9273-d45237c478a9,Norman,Pratt,6,GHI Life
d900332a-8fc1-4493-9273-d45237c478a9,Norman,Pratt,1,GHI Life
4a072424-03e9-4737-a3fd-000fa49f8951,Elizabeth,Gonzalez,5,GHI Life
4a072424-03e9-4737-a3fd-000fa49f8951,Elizabeth,Gonzalez,3,GHI Life
a1b9c175-3edb-4903-b4e0-67e6f8517607,Diamond,Brown,5,ABC Health
a1b9c175-3edb-4903-b4e0-67e6f8517607,Diamond,Brown,1,ABC Health
8ab005a0-f9c2-45b0-b8c9-3a82d969117e,Michael,Walker,1,GHI Life
8ab005a0-f9c2-45b0-b8c9-3a82d969117e,Michael,Walker,3,GHI Life
0d34bfc5-9e07-41d5-9d78-958ebd501d54,Monica,Martinez,3,GHI Life
0d34bfc5-9e07-41d5-9d78-958ebd501d54,Monica,Martinez,4,GHI Life
2a2958a8-2116-4930-9c72-cf91ce48099a,Daniel,Ramirez,2,JKL Care
2a2958a8-2116-4930-9c72-cf91ce48099a,Daniel,Ramirez,6,JKL Care
b69884d7-02b5-4be2-874d-13e6751ea826,Jessica,Mullins,2,XYZ Insurance
b69884d7-02b5-4be2-874d-13e6751ea826,Jessica,Mullins,7,XYZ Insurance
40f6f1a7-4c34-413e-a900-e64bdabac20b,Joshua,Spence,2,XYZ Insurance
40f6f1a7-4c34-413e-a900-e64bdabac20b,Joshua,Spence,5,XYZ Insurance
66c03210-1810-42cd-89a9-58e5ec17c4a6,Anthony,White,2,XYZ Insurance
66c03210-1810-42cd-89a9-58e5ec17c4a6,Anthony,White,4,XYZ Insurance
d18df222-b672-4669-b6bd-24dbcd2dfb75,Gary,Cantrell,1,ABC Health
d18df222-b672-4669-b6bd-24dbcd2dfb75,Gary,Cantrell,4,ABC Health
d83fb065-4a65-45a2-b121-800937a29bfd,Heather,West,1,JKL Care
d83fb065-4a65-45a2-b121-800937a29bfd,Heather,West,3,JKL Care
24b36c66-7852-4513-81a1-9648cb0f7cd1,Katherine,White,3,ABC Health
24b36c66-7852-4513-81a1-9648cb0f7cd1,Katherine,White,2,ABC Health
9573bde2-0483-42ff-98fa-9899dddbfb3c,Cindy,Morgan,2,XYZ Insurance
9573bde2-0483-42ff-98fa-9899dddbfb3c,Cindy,Morgan,1,XYZ Insurance
1ea07564-436d-45d5-9bc4-d79672d5d21a,Harold,Frazier,1,GHI Life
1ea07564-436d-45d5-9bc4-d79672d5d21a,Harold,Frazier,2,GHI Life
b75c8994-5d84-4228-9d5a-3abfdf471499,Paul,Cook,1,JKL Care
b75c8994-5d84-4228-9d5a-3abfdf471499,Paul,Cook,3,JKL Care
0dbb18b9-94c4-46eb-b95b-8c3b6ee8f4c7,Karen,Stout,2,JKL Care
0dbb18b9-94c4-46eb-b95b-8c3b6ee8f4c7,Karen,Stout,1,JKL Care
2ab82888-03bf-4b8a-8082-8a324e53bb0c,Sandra,Hoffman,5,DEF Insurance
2ab82888-03bf-4b8a-8082-8a324e53bb0c,Sandra,Hoffman,3,DEF Insurance
1cc291bb-7b6f-4052-be76-0e89c8ee075f,Timothy,Clark,3,XYZ Insurance
1cc291bb-7b6f-4052-be76-0e89c8ee075f,Timothy,Clark,2,XYZ Insurance
d7341da0-c72c-4a68-8be5-bfb39ae51261,Stacey,Hoffman,1,GHI Life
d7341da0-c72c-4a68-8be5-bfb39ae51261,Stacey,Hoffman,2,GHI Life
75c7ba45-f9d2-46a4-acc3-18421d504e59,Edwin,Smith,3,DEF Insurance
75c7ba45-f9d2-46a4-acc3-18421d504e59,Edwin,Smith,1,DEF Insurance
01d14ab6-dc0a-41f4-997c-d3ac85a9264b,Stephen,Fields,5,XYZ Insurance
01d14ab6-dc0a-41f4-997c-d3ac85a9264b,Stephen,Fields,2,XYZ Insurance
d6332753-2927-413e-905c-324b5c063104,Louis,Hoffman,1,GHI Life
d6332753-2927-413e-905c-324b5c063104,Louis,Hoffman,2,GHI Life
7e09641e-4fda-46ae-a586-105d1eddaea6,Justin,Brown,6,GHI Life
7e09641e-4fda-46ae-a586-105d1eddaea6,Justin,Brown,1,GHI Life
7c39a45d-ff39-4039-9821-518803f313ea,Christopher,Roberts,4,ABC Health
7c39a45d-ff39-4039-9821-518803f313ea,Christopher,Roberts,2,ABC Health
7c3f58c8-1689-4e9b-9123-42ea4b6dd1bf,Courtney,Johnson,4,ABC Health
7c3f58c8-1689-4e9b-9123-42ea4b6dd1bf,Courtney,Johnson,1,ABC Health
aa129422-82fa-40fd-b883-03d3e31c9aa2,Kathleen,Butler,2,ABC Health
aa129422-82fa-40fd-b883-03d3e31c9aa2,Kathleen,Butler,3,ABC Health